workflow,deadline_multiplier,absolute_deadline,total_cost,makespan
CyberShake_30.xml,1.1,1100.0,0.2599267125721692,1002.9171407741251
CyberShake_30.xml,1.2,1200.0,0.2599267125721692,1002.9171407741251
CyberShake_30.xml,1.3,1300.0,0.2844999724045415,1283.9940111346766
CyberShake_30.xml,1.4,1400.0,0.2844999724045415,1283.9940111346766
CyberShake_30.xml,1.5,1500.0,0.2844999724045415,1283.9940111346766
CyberShake_30.xml,1.6,1600.0,0.2844999724045415,1283.9940111346766
CyberShake_30.xml,1.7,1700.0,0.2844999724045415,1283.9940111346766
CyberShake_30.xml,1.8,1800.0,0.2844999724045415,1283.9940111346766
CyberShake_30.xml,1.9,1900.0,0.2844999724045415,1283.9940111346766
CyberShake_30.xml,2.0,2000.0,0.2844999724045415,1283.9940111346766
